1KJL:27.11:1.4:BR:1314	OD1:ASN:4.961:38.682,O:THR:4.291:76.526,OG1:THR:4.659:58.529,N:GLY:4.416:76.047,N:ARG:4.770:49.717,NE:ARG:4.404:31.525,NH1:ARG:3.359:nan
1KJL:44.40:1.4:BR:1421	O:VAL:4.851:111.889,N:PRO:4.289:104.369,OG:SER:4.824:47.923,N:GLY:3.316:nan,O:GLY:4.172:41.556
2O2I:0.60:1.5:BR:1312	ND2:ASN:3.492:109.035,OD2:ASP:4.814:62.249,NE1:TRP:3.380:nan,O:TRP:4.175:53.008,N:PRO:3.558:83.853
2WQ4:33.73:1.42:BR:2523	N:GLY:4.825:134.054,O:GLY:4.660:123.871,N:LYS:4.528:97.387,O:GLY:4.743:69.864,N:ALA:3.390:nan,O:ALA:4.669:35.474
3LQG:0.00:1.35:BR:2197	N:PRO:4.180:41.386,N:ALA:3.525:nan,O:ASP:4.034:71.021,N:TYR:4.472:88.274,N:PRO:4.531:110.474
3M3G:98.60:1.39:BR:946	NE2:HIS:3.691:nan
3M3G:80.58:1.39:BR:946	ND1:HIS:4.837:22.491,NE2:HIS:3.390:nan
5AV4:0.00:1.4:BR:1675	NZ:LYS:4.414:93.394,N:ASP:3.205:nan,N:PHE:4.571:43.959
5AV4:0.13:1.4:BR:906	NZ:LYS:3.142:56.168,OE1:GLU:4.960:3.301,OE2:GLU:2.777:nan,N:ASP:4.065:130.851,OD1:ASP:4.852:78.349,N:PHE:3.309:87.153,N:GLY:4.812:54.576
5AV4:27.41:1.4:BR:2539	O:TYR:4.666:124.392,O:HIS:4.489:152.317,N:SER:4.137:144.812,OG:SER:3.789:102.700,NE2:GLN:3.419:nan
5AV4:47.81:1.4:BR:527	N:GLY:4.732:120.228,N:GLU:3.605:74.758,OE2:GLU:3.520:nan,NZ:LYS:3.898:62.071
5MPW:26.26:1.5:BR:2767	O:LYS:4.998:116.028,N:TYR:3.444:96.337,O:TYR:4.107:60.795,NH1:ARG:3.254:nan,NH2:ARG:3.721:37.732
5MPW:18.23:1.5:BR:3118	OG1:THR:4.648:136.845,OG1:THR:4.495:nan
5MPW:52.25:1.5:BR:935	N:ALA:3.525:nan,N:GLY:3.735:108.473
5MPW:60.30:1.5:BR:1753	OE1:GLU:3.478:38.241,OE2:GLU:3.089:nan
5MPW:51.36:1.5:BR:1135	ND2:ASN:3.528:nan,N:MET:4.886:77.500,O:MET:4.872:74.696,N:THR:4.731:101.528
5MPW:7.88:1.5:BR:1119	SG:CYS:4.235:54.605,OH:TYR:2.907:nan,OH:TYR:3.047:154.708,N:CYS:4.498:138.259,SG:CYS:4.148:145.069
5MPW:43.20:1.5:BR:2617	NZ:LYS:4.016:nan,OG1:THR:4.693:50.098
5MPW:36.16:1.5:BR:2273	NZ:LYS:4.770:121.485,N:PRO:4.955:45.808,N:GLY:3.595:nan,N:ALA:4.041:112.524
5MPW:32.89:1.5:BR:1389	O:PHE:4.092:117.181,N:PRO:4.995:45.760,N:LYS:3.492:nan,O:LYS:4.345:40.945
5MPW:20.81:1.5:BR:4646	O:TYR:4.754:89.415,O:LYS:4.704:110.595,N:TYR:3.414:96.672,O:TYR:4.135:63.255,NH1:ARG:3.405:nan,NH2:ARG:3.553:38.532
5MPW:30.49:1.5:BR:4152	NZ:LYS:3.603:114.064,N:GLY:3.526:nan,N:ALA:3.720:105.592
5MPW:47.49:1.5:BR:4496	NZ:LYS:2.928:nan
5MPW:41.78:1.5:BR:3698	O:GLU:4.785:97.560,OE1:GLU:4.359:144.754,NE:ARG:4.180:33.370,NH1:ARG:3.331:nan
5MPW:46.98:1.5:BR:4306	NE2:HIS:4.092:132.774,OH:TYR:2.908:nan,O:LYS:4.775:71.874,OH:TYR:3.586:82.661
5MPW:66.67:1.5:BR:3598	OG:SER:4.799:44.864,N:VAL:4.326:40.105,N:GLU:3.560:nan,OE1:GLU:4.763:72.395
5MPW:20.99:1.5:BR:6259	O:TYR:4.973:134.987,O:LYS:4.843:56.458,N:TYR:3.428:nan,O:TYR:4.094:40.801,NH1:ARG:3.536:89.979,NH2:ARG:3.449:96.447
5MPW:28.83:1.5:BR:4841	O:ASP:4.764:89.039,N:ASN:3.380:50.108,OD1:ASN:3.360:nan,N:HIS:3.568:58.769,O:HIS:4.518:97.577,ND1:HIS:3.743:48.530,O:ASP:4.876:138.167,OH:TYR:4.795:92.296
5MPW:56.04:1.5:BR:5415	O:VAL:4.767:27.826,N:GLU:3.917:nan,NZ:LYS:4.069:107.912
5MPW:25.68:1.5:BR:5815	O:PHE:4.364:102.672,N:GLU:4.574:123.679,O:GLU:3.406:113.972,N:GLY:4.655:142.301,N:GLY:3.687:148.363,OE1:GLU:3.300:41.155,OE2:GLU:4.781:51.997,OE2:GLU:2.248:nan
5MPW:10.77:1.5:BR:6686	N:CYS:4.442:133.996,SG:CYS:3.802:152.145,SG:CYS:4.736:172.778,OH:TYR:3.041:143.325,SG:CYS:4.187:55.931,OH:TYR:2.931:nan
5MPW:23.74:1.5:BR:8342	O:TYR:4.840:86.662,O:LYS:4.877:114.125,N:TYR:3.503:97.301,O:TYR:4.093:62.930,NH1:ARG:3.619:38.460,NH2:ARG:3.385:nan
5MPW:19.61:1.5:BR:4935	OG1:THR:4.463:nan,OG1:THR:4.773:133.977
5MPW:39.72:1.5:BR:7692	OG1:THR:4.972:99.140,O:GLN:4.214:80.658,OE1:GLN:4.051:32.276,NE2:GLN:4.027:nan,N:GLU:4.096:97.666,NZ:LYS:4.905:137.389
5MPW:52.00:1.5:BR:7676	OG1:THR:4.061:55.548,N:GLU:3.745:46.706,N:GLN:3.196:nan,OE1:GLN:4.744:77.911
5MPW:95.33:1.5:BR:8248	OD1:ASN:4.803:26.233,ND2:ASN:3.564:nan
