1BS3:0.00:1.55:F:3212:7390	O:HIS:4.901:110.600:PROTEIN:A,NE2:HIS:2.997:46.043:PROTEIN:A,ND1:HIS:4.775:122.108:PROTEIN:A,N:HIS:4.918:143.275:PROTEIN:A,OH:TYR:3.050:129.305:PROTEIN:A,ND1:HIS:3.657:92.911:PROTEIN:A,NE2:HIS:2.088:65.108:PROTEIN:A,NE2:HIS:4.499:89.114:PROTEIN:A,OD2:ASP:3.680:8.212:PROTEIN:A,ND1:HIS:4.202:74.427:PROTEIN:A,NE2:HIS:2.660:51.394:PROTEIN:A,FE:FE:1.891:-1.000:MOLECULE:A
2AU6:1.94:1.2:F:1567:6962	OE2:GLU:4.939:48.303:PROTEIN:A,OH:TYR:4.907:47.773:PROTEIN:A,OD1:ASP:3.042:99.374:PROTEIN:A,OD2:ASP:4.004:132.542:PROTEIN:A,O:ASP:4.949:174.477:PROTEIN:A,OD1:ASP:4.414:115.262:PROTEIN:A,OD2:ASP:2.506:95.548:PROTEIN:A,OD2:ASP:4.356:105.924:PROTEIN:A,O:PRO:4.034:144.524:PROTEIN:A,OD1:ASP:3.165:89.137:PROTEIN:A,OD2:ASP:3.385:81.277:PROTEIN:A,OD1:ASP:4.261:89.205:PROTEIN:A,P:PO4:2.271:8.228:MOLECULE:A,O1:PO4:3.156:20.238:MOLECULE:A,O2:PO4:3.113:27.897:MOLECULE:A,O3:PO4:2.936:38.646:MOLECULE:A,O4:PO4:0.802:-1.000:MOLECULE:A,MN:MN:2.143:86.923:MOLECULE:A,MN:MN:2.292:73.686:MOLECULE:A,MN:MN:4.853:46.594:MOLECULE:A,MN:MN:4.822:41.892:MOLECULE:A,MN:MN:4.120:51.415:MOLECULE:A,O:POP:4.462:7.421:MOLECULE:A,P2:POP:2.797:6.799:MOLECULE:A,O4:POP:2.837:38.424:MOLECULE:A,O5:POP:2.851:27.262:MOLECULE:A,O6:POP:3.095:26.162:MOLECULE:A
1LH5:3.78:2.0:F:1182:3342	ND1:HIS:4.654:107.925:PROTEIN:A,NE2:HIS:2.846:129.714:PROTEIN:A,NE2:HIS:4.044:2.796:PROTEIN:A,FE:HEM:1.897:-1.000:MOLECULE:A,NA:HEM:2.685:43.549:MOLECULE:A,NB:HEM:2.959:52.777:MOLECULE:A,NC:HEM:2.847:50.363:MOLECULE:A,ND:HEM:2.936:49.480:MOLECULE:A
2AKZ:0.00:1.36:F:6563:27776	O:SER:3.981:137.838:PROTEIN:A,OG:SER:2.995:164.466:PROTEIN:A,OE1:GLN:3.835:127.441:PROTEIN:A,NE2:GLN:2.839:102.012:PROTEIN:A,OE2:GLU:4.473:80.032:PROTEIN:A,OD1:ASP:3.104:40.661:PROTEIN:A,OD2:ASP:4.444:43.664:PROTEIN:A,OE1:GLU:4.009:3.055:PROTEIN:A,OD1:ASP:2.936:42.838:PROTEIN:A,OD2:ASP:4.860:57.181:PROTEIN:A,NZ:LYS:3.718:73.928:PROTEIN:A,NZ:LYS:4.945:44.065:PROTEIN:A,MG:MG:1.924:-1.000:MOLECULE:A,MG:MG:1.973:138.362:MOLECULE:A,P:PO4:3.608:133.684:MOLECULE:A,O1:PO4:2.966:134.056:MOLECULE:A,O2:PO4:4.733:122.105:MOLECULE:A,O3:PO4:4.494:149.232:MOLECULE:A,O4:PO4:3.124:119.883:MOLECULE:A,F:F:2.626:52.160:MOLECULE:A
2AKZ:0.46:1.36:F:6564:27776	NE2:GLN:3.938:69.187:PROTEIN:A,OE1:GLU:4.678:99.124:PROTEIN:A,OE2:GLU:3.690:100.082:PROTEIN:A,OD1:ASP:2.985:43.839:PROTEIN:A,OD2:ASP:4.973:30.073:PROTEIN:A,OE1:GLU:3.032:43.529:PROTEIN:A,OE2:GLU:4.250:69.029:PROTEIN:A,OD1:ASP:2.939:43.108:PROTEIN:A,OD2:ASP:4.506:66.568:PROTEIN:A,NZ:LYS:2.574:103.626:PROTEIN:A,OG:SER:4.453:145.700:PROTEIN:A,NZ:LYS:2.801:100.982:PROTEIN:A,MG:MG:2.097:-1.000:MOLECULE:A,MG:MG:4.151:61.299:MOLECULE:A,P:PO4:4.156:105.411:MOLECULE:A,O1:PO4:3.952:91.427:MOLECULE:A,O2:PO4:4.630:120.796:MOLECULE:A,O4:PO4:3.285:108.027:MOLECULE:A,F:F:2.626:46.422:MOLECULE:A
2HAW:0.00:1.75:F:4945:11504	NE2:HIS:4.264:6.967:PROTEIN:A,OD1:ASP:2.931:46.856:PROTEIN:A,OD2:ASP:3.119:53.907:PROTEIN:A,N:ASP:4.352:107.914:PROTEIN:A,OD1:ASP:4.802:130.506:PROTEIN:A,OD2:ASP:3.184:131.607:PROTEIN:A,N:THR:4.281:80.687:PROTEIN:A,OD1:ASP:2.809:47.512:PROTEIN:A,OD2:ASP:2.895:80.335:PROTEIN:A,NE2:HIS:4.320:114.030:PROTEIN:A,OD1:ASP:3.054:144.104:PROTEIN:A,OD2:ASP:3.108:156.769:PROTEIN:A,MG:MG:1.980:-1.000:MOLECULE:A,MG:MG:2.048:121.422:MOLECULE:A,MG:MG:4.951:77.248:MOLECULE:A,MG:MG:2.377:99.063:MOLECULE:A,O4:SO4:4.456:69.264:MOLECULE:A,P1:2PN:3.056:72.326:MOLECULE:A,O1:2PN:2.732:44.589:MOLECULE:A,O2:2PN:2.821:95.767:MOLECULE:A,O3:2PN:3.216:81.788:MOLECULE:A,N1:2PN:4.877:71.558:MOLECULE:A
2Q9P:0.75:1.65:F:1117:3344	NH2:ARG:4.163:71.071:PROTEIN:A,O:VAL:4.529:130.437:PROTEIN:A,N:GLY:3.808:88.316:PROTEIN:A,O:GLY:2.804:47.841:PROTEIN:A,OE1:GLU:2.544:89.949:PROTEIN:A,OE2:GLU:3.018:46.194:PROTEIN:A,NH1:ARG:4.456:115.063:PROTEIN:A,NH2:ARG:4.441:86.224:PROTEIN:A,MG:MG:4.864:30.148:MOLECULE:A,MG:MG:2.186:-1.000:MOLECULE:A,F:F:4.123:6.135:MOLECULE:A,F:F:4.964:41.870:MOLECULE:A,O33:IHP:4.318:117.899:MOLECULE:A,O14:IHP:3.496:73.903:MOLECULE:A,P4:IHP:4.698:36.048:MOLECULE:A,P4:IHP:3.175:77.204:MOLECULE:A,O24:IHP:3.166:37.840:MOLECULE:A,O24:IHP:2.926:51.704:MOLECULE:A,O34:IHP:4.744:76.942:MOLECULE:A,O44:IHP:2.814:104.096:MOLECULE:A,O15:IHP:3.466:75.663:MOLECULE:A,O15:IHP:4.857:44.182:MOLECULE:A,P5:IHP:3.243:68.639:MOLECULE:A,P5:IHP:4.854:38.156:MOLECULE:A,O25:IHP:4.823:68.522:MOLECULE:A,O35:IHP:3.093:39.965:MOLECULE:A,O35:IHP:3.468:37.060:MOLECULE:A,O45:IHP:2.812:90.544:MOLECULE:A,O46:IHP:4.636:116.480:MOLECULE:A
2Q9P:6.54:1.65:F:1119:3346	N:GLY:4.956:91.307:PROTEIN:A,O:GLY:4.753:117.458:PROTEIN:A,N:GLY:2.746:122.505:PROTEIN:A,O:GLY:4.132:165.362:PROTEIN:A,OE1:GLU:3.892:85.052:PROTEIN:A,OE2:GLU:2.912:116.325:PROTEIN:A,MG:MG:3.782:56.640:MOLECULE:A,MG:MG:4.769:44.530:MOLECULE:A,MG:MG:1.969:-1.000:MOLECULE:A,MG:MG:1.980:108.624:MOLECULE:A,F:F:2.932:41.047:MOLECULE:A,F:F:2.887:91.719:MOLECULE:A,F:F:2.918:150.639:MOLECULE:A,F:F:4.014:104.770:MOLECULE:A,F:F:2.572:62.766:MOLECULE:A,F:F:4.871:36.852:MOLECULE:A,P4:IHP:4.191:42.784:MOLECULE:A,O24:IHP:4.825:44.691:MOLECULE:A,O34:IHP:4.888:60.461:MOLECULE:A,O44:IHP:2.792:38.236:MOLECULE:A,O15:IHP:4.929:31.188:MOLECULE:A,P5:IHP:4.302:48.565:MOLECULE:A,O35:IHP:4.604:51.326:MOLECULE:A,O45:IHP:3.092:57.596:MOLECULE:A,O46:IHP:4.782:42.797:MOLECULE:A
2Q9P:5.72:1.65:F:1120:3342	O:GLU:4.300:100.572:PROTEIN:A,OE1:GLU:2.844:46.123:PROTEIN:A,OE2:GLU:4.008:58.431:PROTEIN:A,O:GLU:4.919:141.078:PROTEIN:A,OE1:GLU:4.699:123.984:PROTEIN:A,OE2:GLU:2.556:114.795:PROTEIN:A,N:GLU:4.240:122.412:PROTEIN:A,OE2:GLU:3.404:37.865:PROTEIN:A,OE2:GLU:4.725:145.242:PROTEIN:A,OD1:ASP:4.582:118.906:PROTEIN:A,OD2:ASP:4.200:101.265:PROTEIN:A,MG:MG:2.158:-1.000:MOLECULE:A,MG:MG:4.279:55.850:MOLECULE:A,F:F:4.173:2.420:MOLECULE:A,F:F:3.782:84.323:MOLECULE:A,F:F:3.054:42.759:MOLECULE:A,F:F:2.999:43.152:MOLECULE:A
2Q9P:54.55:1.65:F:1121:3348	OE2:GLU:4.120:2.411:PROTEIN:A,MG:MG:4.840:41.882:MOLECULE:A,MG:MG:3.543:63.182:MOLECULE:A,MG:MG:2.133:-1.000:MOLECULE:A,F:F:4.931:46.946:MOLECULE:A,F:F:2.887:43.279:MOLECULE:A,F:F:2.976:43.672:MOLECULE:A,F:F:2.965:43.580:MOLECULE:A,F:F:2.772:42.919:MOLECULE:A,O44:IHP:4.971:66.681:MOLECULE:A
2Q9P:18.45:1.65:F:1125:3342	OE1:GLU:4.102:3.533:PROTEIN:A,OE1:GLU:4.769:65.154:PROTEIN:A,OE2:GLU:2.820:49.481:PROTEIN:A,OD1:ASP:4.873:111.293:PROTEIN:A,OD2:ASP:4.099:106.687:PROTEIN:A,NH2:ARG:3.586:118.435:PROTEIN:A,MG:MG:2.051:-1.000:MOLECULE:A,MG:MG:3.641:60.223:MOLECULE:A,MG:MG:3.501:63.210:MOLECULE:A,MG:MG:4.790:42.234:MOLECULE:A,F:F:4.964:75.235:MOLECULE:A,F:F:2.941:43.309:MOLECULE:A,F:F:4.871:46.983:MOLECULE:A,F:F:2.999:46.014:MOLECULE:A,F:F:2.914:45.406:MOLECULE:A,P4:IHP:4.363:110.002:MOLECULE:A,O24:IHP:2.886:99.906:MOLECULE:A,O34:IHP:4.592:129.420:MOLECULE:A,O44:IHP:4.718:67.302:MOLECULE:A,P5:IHP:3.977:109.299:MOLECULE:A,O25:IHP:4.149:129.093:MOLECULE:A,O35:IHP:2.888:91.323:MOLECULE:A,O45:IHP:4.341:109.559:MOLECULE:A
2WSL:14.42:2.0:F:4421:8842	OG:SER:2.164:-1.000:PROTEIN:A,NE:ARG:3.478:83.845:PROTEIN:A,NH1:ARG:3.533:112.961:PROTEIN:A,OG:SER:4.355:95.380:PROTEIN:A,OG1:THR:3.984:153.821:PROTEIN:A
2WVG:1.03:1.75:F:17089:2862	N:GLY:4.514:52.939:PROTEIN:A,O:GLY:4.200:29.249:PROTEIN:A,N:ASP:2.768:-1.000:PROTEIN:A,OD1:ASP:2.883:61.369:PROTEIN:A,OD2:ASP:4.887:61.856:PROTEIN:A,N:TYR:3.842:47.753:PROTEIN:A,OG1:THR:2.825:97.482:PROTEIN:A,NE2:HIS:4.801:96.428:PROTEIN:A,ND1:HIS:4.980:149.641:PROTEIN:A,NE2:HIS:2.894:143.482:PROTEIN:A,OE1:GLU:4.707:44.508:PROTEIN:B,N4':TPU:4.763:121.638:MOLECULE:B
3MBA:0.00:2.0:F:1088:2998	O:VAL:4.790:152.012:PROTEIN:A,NE:ARG:2.668:130.058:PROTEIN:A,NH1:ARG:4.383:124.114:PROTEIN:A,NH2:ARG:2.647:113.619:PROTEIN:A,NE2:HIS:4.435:6.875:PROTEIN:A,FE:HEM:2.209:-1.000:MOLECULE:A,NA:HEM:2.658:50.009:MOLECULE:A,NB:HEM:3.184:42.272:MOLECULE:A,NC:HEM:3.156:35.116:MOLECULE:A,ND:HEM:2.687:45.272:MOLECULE:A
3PPM:0.00:1.78:F:8588:8248	OG:SER:4.890:26.875:PROTEIN:A,O:THR:4.604:67.583:PROTEIN:A,N:ASP:4.547:94.854:PROTEIN:A,O:ASP:4.707:131.204:PROTEIN:A,OD1:ASP:4.896:100.952:PROTEIN:A,OD2:ASP:3.821:126.311:PROTEIN:A,N:ILE:2.635:140.267:PROTEIN:A,O:ILE:4.715:165.451:PROTEIN:A,N:GLY:2.654:158.594:PROTEIN:A,O:GLY:4.690:112.156:PROTEIN:A,N:GLY:3.122:115.642:PROTEIN:A,O:GLY:4.890:72.520:PROTEIN:A,N:SER:2.728:69.052:PROTEIN:A,OG:SER:2.490:-1.000:PROTEIN:A,N8:JG1:4.369:67.723:MOLECULE:A,N9:JG1:3.453:61.935:MOLECULE:A,O14:JG1:4.919:84.097:MOLECULE:A
3SSV:0.59:1.86:F:3643:2974	N:GLN:4.606:77.782:PROTEIN:A,OE1:GLN:4.721:14.868:PROTEIN:A,NE2:GLN:2.686:-1.000:PROTEIN:A,OH:TYR:4.089:114.614:PROTEIN:A,OE1:GLN:4.879:112.905:PROTEIN:A,NE2:GLN:2.930:97.069:PROTEIN:A,OE1:GLN:4.939:57.043:PROTEIN:A,NE2:GLN:3.201:61.260:PROTEIN:A,OD1:ASN:3.882:94.326:PROTEIN:A,ND2:ASN:2.730:120.039:PROTEIN:A,O2:CR2:4.916:58.810:MOLECULE:A
4CEX:3.05:1.59:F:6135:14040	ND1:HIS:4.118:77.677:PROTEIN:C,NE2:HIS:2.777:49.295:PROTEIN:C,NE2:HIS:4.053:7.248:PROTEIN:C,NE2:HIS:4.921:86.682:PROTEIN:C,ND1:HIS:4.060:124.041:PROTEIN:C,ND1:HIS:4.888:157.040:PROTEIN:C,NE2:HIS:2.905:151.383:PROTEIN:C,O:GLY:4.058:154.972:PROTEIN:C,OD1:ASP:2.973:46.102:PROTEIN:C,OD2:ASP:2.554:92.824:PROTEIN:C,O:ALA:4.214:71.081:PROTEIN:C,NZ:KCX:4.619:63.936:MOLECULE:C,OQ1:KCX:2.864:87.104:MOLECULE:C,OQ2:KCX:3.009:43.034:MOLECULE:C,NI:NI:2.024:121.933:MOLECULE:C,NI:NI:2.009:-1.000:MOLECULE:C,F:F:2.756:95.988:MOLECULE:C
4CEX:9.50:1.59:F:6136:14038	NE2:HIS:4.957:91.112:PROTEIN:C,O:ALA:3.389:134.561:PROTEIN:C,ND1:HIS:4.777:96.769:PROTEIN:C,NE2:HIS:2.720:96.812:PROTEIN:C,ND1:HIS:2.817:46.942:PROTEIN:C,NE2:HIS:4.211:72.767:PROTEIN:C,NE2:HIS:3.955:17.270:PROTEIN:C,O:GLY:3.725:63.025:PROTEIN:C,OD1:ASP:4.923:78.751:PROTEIN:C,OD2:ASP:4.732:66.924:PROTEIN:C,O:ALA:4.664:108.273:PROTEIN:C,NZ:KCX:4.990:56.509:MOLECULE:C,OQ1:KCX:3.237:34.826:MOLECULE:C,OQ2:KCX:3.547:66.975:MOLECULE:C,NI:NI:2.079:-1.000:MOLECULE:C,NI:NI:3.576:71.676:MOLECULE:C,F:F:2.756:46.962:MOLECULE:C
4F60:3.25:1.45:F:2385:4750	ND2:ASN:3.377:106.524:PROTEIN:A,OD1:ASP:4.909:68.120:PROTEIN:A,OD2:ASP:4.860:59.191:PROTEIN:A,NE1:TRP:3.267:-1.000:PROTEIN:A,O:PHE:4.017:57.546:PROTEIN:A,N:PRO:3.375:88.766:PROTEIN:A
4Q3K:13.71:1.57:F:3921:4794	N:GLY:3.284:130.566:PROTEIN:A,O:GLY:4.889:175.140:PROTEIN:A,N:GLY:2.805:171.278:PROTEIN:A,O:PHE:4.827:66.012:PROTEIN:A,OG:SER:2.516:-1.000:PROTEIN:A,N:ALA:3.156:67.139:PROTEIN:A,NE2:HIS:4.733:34.750:PROTEIN:A
4X00:58.78:1.38:F:8536:15252	NE:ARG:4.367:110.219:PROTEIN:B,NE:ARG:4.972:26.125:PROTEIN:B,NH2:ARG:3.730:-1.000:PROTEIN:B
4X00:12.53:1.38:F:8566:32638	NE:ARG:4.538:83.365:PROTEIN:A,NE:ARG:4.984:120.946:PROTEIN:A,NH2:ARG:3.889:113.137:PROTEIN:A,NH2:ARG:4.598:119.720:PROTEIN:A,NH1:ARG:4.119:138.110:PROTEIN:B,O:ALA:4.062:48.560:PROTEIN:D,N:THR:4.579:75.809:PROTEIN:D,OG1:THR:4.477:105.782:PROTEIN:D,OG:SER:3.267:-1.000:PROTEIN:D
4X30:22.41:1.55:F:3074:13274	O:ALA:3.518:76.015:PROTEIN:A,O:GLU:2.823:109.831:PROTEIN:A,OE1:GLU:4.558:30.796:PROTEIN:A,N:LEU:4.918:109.753:PROTEIN:A,NA:NA:2.227:-1.000:MOLECULE:A
5EVC:0.12:1.7:F:3752:12156	O:MET:4.946:97.771:PROTEIN:B,O:PRO:4.554:81.618:PROTEIN:B,N:CYS:4.285:52.651:PROTEIN:B,O:CYS:4.576:17.006:PROTEIN:B,SG:CYS:4.185:58.104:PROTEIN:B,N:ASN:2.560:-1.000:PROTEIN:B,OD1:ASN:4.932:56.471:PROTEIN:B,ND2:ASN:2.969:69.661:PROTEIN:B,N:THR:4.366:39.417:PROTEIN:B,O:GLY:4.440:88.211:PROTEIN:B,N:CYS:4.356:114.843:PROTEIN:B,O:CYS:4.644:143.147:PROTEIN:B,SG:CYS:4.158:149.390:PROTEIN:B,N:THR:2.670:146.694:PROTEIN:B,OG1:THR:3.227:120.007:PROTEIN:B,N:GLU:4.933:164.803:PROTEIN:B,OE1:GLU:4.808:149.774:PROTEIN:B,K:K:2.851:120.130:MOLECULE:B,O1:SO4:3.862:103.605:MOLECULE:B
5K91:0.54:1.18:F:11846:37188	NE2:HIS:4.567:6.366:PROTEIN:A,NE:ARG:4.286:99.865:PROTEIN:A,NA:HEM:3.128:41.675:MOLECULE:A,NB:HEM:3.290:37.867:MOLECULE:A,NC:HEM:3.230:39.028:MOLECULE:A,ND:HEM:2.804:41.284:MOLECULE:A,FE:HEM:2.571:-1.000:MOLECULE:A
5NAI:8.73:1.15:F:1822:8346	ND1:HIS:4.852:53.817:PROTEIN:A,ND1:HIS:4.561:40.718:PROTEIN:A,NE2:HIS:3.071:38.532:PROTEIN:A,NE2:HIS:4.002:55.635:PROTEIN:A,ND1:HIS:3.218:34.096:PROTEIN:A,OD1:ASP:2.801:118.101:PROTEIN:A,OD2:ASP:2.855:144.175:PROTEIN:A,NE:ARG:4.856:106.558:PROTEIN:A,ND1:HIS:4.884:51.581:PROTEIN:A,NE2:HIS:3.163:32.995:PROTEIN:A,SG:CYS:3.829:98.225:PROTEIN:A,NE2:HIS:4.268:143.890:PROTEIN:A,SG:CSD:3.641:96.868:MOLECULE:A,OD1:CSD:2.184:97.617:MOLECULE:A,OD2:CSD:4.216:100.896:MOLECULE:A,ZN:ZN:1.722:-1.000:MOLECULE:A,ZN:ZN:2.159:139.488:MOLECULE:A,F:F:4.059:77.425:MOLECULE:A
5NAI:0.00:1.15:F:1823:3888	OG1:THR:4.565:82.921:PROTEIN:A,ND1:HIS:2.456:18.328:PROTEIN:A,ND1:HIS:3.936:8.048:PROTEIN:A,NE2:HIS:3.015:26.512:PROTEIN:A,NE2:HIS:1.827:-1.000:PROTEIN:A,OD1:ASP:4.993:76.347:PROTEIN:A,OD2:ASP:4.204:101.588:PROTEIN:A,NE:ARG:3.024:105.837:PROTEIN:A,NH1:ARG:4.454:127.336:PROTEIN:A,NH2:ARG:4.116:134.686:PROTEIN:A,NE2:HIS:4.509:62.170:PROTEIN:A,N:CYS:3.089:127.100:PROTEIN:A,SG:CYS:2.149:139.141:PROTEIN:A,N:CSD:3.072:127.936:MOLECULE:A,SG:CSD:2.746:125.926:MOLECULE:A,OD1:CSD:2.820:101.607:MOLECULE:A,OD2:CSD:1.930:156.199:MOLECULE:A,ZN:ZN:4.050:54.769:MOLECULE:A,ZN:ZN:3.993:106.200:MOLECULE:A,F:F:4.059:75.156:MOLECULE:A
5VEJ:9.12:1.3:F:5260:16972	NE2:HIS:3.267:40.040:PROTEIN:A,NE2:HIS:3.815:19.238:PROTEIN:A,NE1:TRP:4.800:103.035:PROTEIN:A,ND1:HIS:4.204:135.111:PROTEIN:A,ND1:HIS:4.503:108.495:PROTEIN:A,NE2:HIS:3.061:122.205:PROTEIN:A,NE:ARG:4.474:126.474:PROTEIN:A,NH2:ARG:3.696:152.734:PROTEIN:A,OD1:ASP:2.945:46.424:PROTEIN:A,OD2:ASP:2.633:91.621:PROTEIN:A,NZ:KCX:4.670:62.654:MOLECULE:A,OQ1:KCX:3.052:86.500:MOLECULE:A,OQ2:KCX:2.788:48.891:MOLECULE:A,CO:CO:2.142:126.866:MOLECULE:A,CO:CO:1.962:-1.000:MOLECULE:A
5XD5:0.00:1.75:F:4675:11268	O:LYS:2.967:45.938:PROTEIN:B,N:GLY:4.009:77.528:PROTEIN:B,N:LYS:4.521:118.117:PROTEIN:B,OE1:GLU:2.961:111.453:PROTEIN:B,OE2:GLU:3.756:138.450:PROTEIN:B,OE1:GLU:4.551:42.847:PROTEIN:B,OE2:GLU:2.496:55.132:PROTEIN:B,OE1:GLU:2.836:88.482:PROTEIN:B,OE2:GLU:2.809:50.170:PROTEIN:B,PG:ATP:3.306:69.827:MOLECULE:B,O1G:ATP:2.836:42.274:MOLECULE:B,O2G:ATP:4.462:74.059:MOLECULE:B,O3G:ATP:2.823:96.302:MOLECULE:B,O3B:ATP:4.371:67.482:MOLECULE:B,P:PO4:4.992:126.859:MOLECULE:B,O1:PO4:3.580:124.464:MOLECULE:B,MG:MG:1.884:-1.000:MOLECULE:B,MG:MG:1.926:108.846:MOLECULE:B,MG:MG:3.780:171.549:MOLECULE:B,MG:MG:1.942:135.068:MOLECULE:B,F:F:2.469:156.488:MOLECULE:B,F:F:3.109:149.104:MOLECULE:B
5XD5:2.11:1.75:F:4676:11272	N:LYS:4.972:51.099:PROTEIN:B,OE1:GLU:3.061:86.043:PROTEIN:B,OE2:GLU:3.052:44.828:PROTEIN:B,OE2:GLU:4.115:76.572:PROTEIN:B,OE2:GLU:4.032:128.764:PROTEIN:B,OE1:GLU:2.988:172.160:PROTEIN:B,OE2:GLU:4.320:150.762:PROTEIN:B,O3G:ATP:3.950:95.963:MOLECULE:B,P:PO4:3.784:100.782:MOLECULE:B,O1:PO4:2.875:103.909:MOLECULE:B,O2:PO4:3.389:91.474:MOLECULE:B,O3:PO4:4.634:117.209:MOLECULE:B,O4:PO4:4.803:87.866:MOLECULE:B,MG:MG:4.264:124.538:MOLECULE:B,MG:MG:2.030:127.970:MOLECULE:B,MG:MG:2.009:-1.000:MOLECULE:B,MG:MG:2.010:96.079:MOLECULE:B,F:F:2.469:114.758:MOLECULE:B,F:F:2.547:49.217:MOLECULE:B
5XD5:0.00:1.75:F:4677:11274	N:GLY:4.935:86.922:PROTEIN:B,O:GLY:4.793:117.363:PROTEIN:B,N:LYS:2.781:125.291:PROTEIN:B,O:LYS:4.225:160.873:PROTEIN:B,NZ:LYS:3.689:72.575:PROTEIN:B,OE1:GLU:4.178:75.649:PROTEIN:B,OE2:GLU:3.075:105.070:PROTEIN:B,PG:ATP:4.205:47.205:MOLECULE:B,O1G:ATP:4.829:40.926:MOLECULE:B,O2G:ATP:4.756:65.352:MOLECULE:B,O3G:ATP:2.881:42.449:MOLECULE:B,P:PO4:4.227:50.005:MOLECULE:B,O1:PO4:3.112:34.605:MOLECULE:B,O2:PO4:4.281:61.411:MOLECULE:B,O4:PO4:4.499:64.332:MOLECULE:B,MG:MG:4.824:38.121:MOLECULE:B,MG:MG:3.973:48.135:MOLECULE:B,MG:MG:1.959:101.905:MOLECULE:B,MG:MG:1.889:-1.000:MOLECULE:B,F:F:3.109:36.319:MOLECULE:B,F:F:2.547:51.315:MOLECULE:B
6A24:2.40:1.39:F:2753:3002	OH:TYR:2.875:-1.000:PROTEIN:A,N3:FMN:4.445:45.897:MOLECULE:A,O4:FMN:3.005:72.100:MOLECULE:A,N5:FMN:3.809:88.819:MOLECULE:A,O1:PYR:4.061:58.156:MOLECULE:A,O3:PYR:4.488:102.972:MOLECULE:A
6JIM:0.00:2.0:F:7378:31588	N:GLY:4.502:59.618:PROTEIN:A,OE2:GLU:4.229:65.165:PROTEIN:A,OE1:GLN:4.802:53.361:PROTEIN:A,NE:ARG:4.739:122.076:PROTEIN:A,NH1:ARG:3.376:103.935:PROTEIN:A,NH2:ARG:2.733:120.811:PROTEIN:A,N:GLY:3.661:109.472:PROTEIN:A,O:GLY:3.404:141.773:PROTEIN:A,N:LEU:4.222:149.148:PROTEIN:A,O:LEU:4.310:162.092:PROTEIN:A,NE:ARG:4.918:112.611:PROTEIN:A,NH1:ARG:2.781:125.138:PROTEIN:A,NH2:ARG:3.638:87.777:PROTEIN:A,PB:ADP:3.758:55.368:MOLECULE:A,O1B:ADP:2.625:44.674:MOLECULE:A,O3B:ADP:4.092:62.624:MOLECULE:A,PA:ADP:4.872:92.045:MOLECULE:A,O1A:ADP:4.165:106.315:MOLECULE:A,O3A:ADP:4.283:74.892:MOLECULE:A,MG:MG:3.636:71.079:MOLECULE:A,AL:AL:1.754:-1.000:MOLECULE:A,F:F:3.479:0.684:MOLECULE:A,F:F:2.642:47.409:MOLECULE:A,F:F:2.374:46.498:MOLECULE:A
6JIM:0.07:2.0:F:7379:31588	O:GLY:4.854:159.280:PROTEIN:A,O:VAL:4.341:120.655:PROTEIN:A,N:PRO:4.637:111.555:PROTEIN:A,N:GLY:4.097:71.854:PROTEIN:A,NZ:LYS:2.814:137.214:PROTEIN:A,OE1:GLU:4.828:92.289:PROTEIN:A,OE2:GLU:4.170:66.939:PROTEIN:A,OE1:GLN:3.865:82.109:PROTEIN:A,NE2:GLN:3.021:110.347:PROTEIN:A,NH2:ARG:4.921:47.930:PROTEIN:A,PB:ADP:3.406:65.534:MOLECULE:A,O1B:ADP:2.482:48.125:MOLECULE:A,O2B:ADP:3.764:88.322:MOLECULE:A,O3B:ADP:3.993:65.534:MOLECULE:A,O3A:ADP:4.797:59.170:MOLECULE:A,MG:MG:4.144:56.021:MOLECULE:A,AL:AL:1.725:-1.000:MOLECULE:A,F:F:3.479:0.696:MOLECULE:A,F:F:2.574:49.062:MOLECULE:A,F:F:2.525:43.008:MOLECULE:A
6JIM:0.47:2.0:F:7380:31586	NZ:LYS:4.524:110.236:PROTEIN:A,OG:SER:3.593:12.037:PROTEIN:A,OD1:ASP:4.864:51.453:PROTEIN:A,OE1:GLU:4.372:117.001:PROTEIN:A,OE2:GLU:2.762:106.971:PROTEIN:A,NH2:ARG:4.823:89.317:PROTEIN:A,N:GLY:4.522:108.313:PROTEIN:A,O:GLY:4.466:69.260:PROTEIN:A,PB:ADP:3.036:73.952:MOLECULE:A,O1B:ADP:2.640:99.467:MOLECULE:A,O2B:ADP:4.114:80.989:MOLECULE:A,O3B:ADP:2.655:45.390:MOLECULE:A,O1A:ADP:4.620:51.054:MOLECULE:A,O3A:ADP:4.309:68.847:MOLECULE:A,MG:MG:1.780:-1.000:MOLECULE:A,AL:AL:1.945:138.795:MOLECULE:A,F:F:2.642:109.073:MOLECULE:A,F:F:2.574:143.642:MOLECULE:A,F:F:3.669:139.197:MOLECULE:A
6JIM:0.00:2.0:F:7381:31588	N:PRO:4.518:116.485:PROTEIN:A,O:PRO:4.835:120.832:PROTEIN:A,N:GLY:3.134:103.666:PROTEIN:A,NZ:LYS:4.817:60.599:PROTEIN:A,OE1:GLN:3.730:86.386:PROTEIN:A,NE2:GLN:3.507:92.108:PROTEIN:A,NH1:ARG:3.085:116.992:PROTEIN:A,NH2:ARG:3.835:80.306:PROTEIN:A,O:THR:4.947:142.657:PROTEIN:A,OG1:THR:4.827:153.339:PROTEIN:A,NE:ARG:4.871:115.311:PROTEIN:A,NH1:ARG:3.589:92.615:PROTEIN:A,NH2:ARG:2.750:123.708:PROTEIN:A,PB:ADP:4.131:43.555:MOLECULE:A,O1B:ADP:2.639:44.264:MOLECULE:A,O2B:ADP:4.890:53.130:MOLECULE:A,O3A:ADP:4.851:57.494:MOLECULE:A,AL:AL:1.726:-1.000:MOLECULE:A,F:F:2.374:47.484:MOLECULE:A,F:F:2.525:42.954:MOLECULE:A,F:F:3.669:2.260:MOLECULE:A
6RI6:0.45:0.93:F:7342:23792	ND1:HIS:4.525:74.000:PROTEIN:A,NE2:HIS:3.164:48.617:PROTEIN:A,O:TRP:4.098:101.597:PROTEIN:A,N:HIS:4.888:76.952:PROTEIN:A,O:HIS:4.875:87.473:PROTEIN:A,N:GLY:2.666:93.334:PROTEIN:A,O:GLY:4.814:135.083:PROTEIN:A,N:LEU:4.096:133.713:PROTEIN:A,O:LEU:4.274:156.287:PROTEIN:A,OD1:ASP:4.830:107.433:PROTEIN:A,ND1:HIS:4.700:47.832:PROTEIN:A,NE2:HIS:3.271:26.610:PROTEIN:A,O:LEU:4.252:85.943:PROTEIN:A,N:HIS:4.561:80.229:PROTEIN:A,ND1:HIS:4.647:70.951:PROTEIN:A,N:GLY:4.136:128.187:PROTEIN:A,CU:CU:2.463:13.615:MOLECULE:A,CU:CU:2.464:13.603:MOLECULE:A,F:F:0.681:-1.000:MOLECULE:A
